{"cameraMode":{"drawMode":0,"name":"Shaded","section":"Shading Mode"},"sceneLighting":true,"audioPlay":false,"sceneViewState":{"m_AlwaysRefresh":false,"showFog":true,"showSkybox":true,"showFlares":true,"showImageEffects":true,"showParticleSystems":true,"showVisualEffectGraphs":true,"m_FxEnabled":true},"in2DMode":false,"pivot":{"x":470.2078552246094,"y":263.4747314453125,"z":-3.57489013671875},"rotation":{"x":-0.009297342970967293,"y":-0.05038008093833923,"z":0.0004731508670374751,"w":-0.9986873865127564},"size":298.00347900390627,"orthographic":false}