{"cameraMode":{"drawMode":0,"name":"Shaded","section":"Shading Mode"},"sceneLighting":true,"audioPlay":false,"sceneViewState":{"m_AlwaysRefresh":false,"showFog":true,"showSkybox":true,"showFlares":true,"showImageEffects":true,"showParticleSystems":true,"showVisualEffectGraphs":true,"m_FxEnabled":true},"in2DMode":false,"pivot":{"x":837.5408935546875,"y":245.25039672851563,"z":173.5552978515625},"rotation":{"x":-0.019790757447481157,"y":-0.041383083909749988,"z":0.0008458399679511786,"w":-0.9989697337150574},"size":437.9916687011719,"orthographic":false}