{"cameraMode":{"drawMode":0,"name":"Shaded","section":"Shading Mode"},"sceneLighting":true,"audioPlay":false,"sceneViewState":{"m_AlwaysRefresh":false,"showFog":true,"showSkybox":true,"showFlares":true,"showImageEffects":true,"showParticleSystems":true,"showVisualEffectGraphs":true,"m_FxEnabled":true},"in2DMode":false,"pivot":{"x":101.32279205322266,"y":-125.55199432373047,"z":-284.5552062988281},"rotation":{"x":0.03319801762700081,"y":0.9664078950881958,"z":-0.19419971108436585,"w":0.16519373655319215},"size":165.0849151611328,"orthographic":false}