{"cameraMode":{"drawMode":0,"name":"Shaded","section":"Shading Mode"},"sceneLighting":true,"audioPlay":false,"sceneViewState":{"m_AlwaysRefresh":false,"showFog":true,"showSkybox":false,"showFlares":true,"showImageEffects":true,"showParticleSystems":true,"showVisualEffectGraphs":true,"m_FxEnabled":true},"in2DMode":false,"pivot":{"x":-49.699222564697269,"y":-54.576087951660159,"z":-60.916717529296878},"rotation":{"x":0.07824061065912247,"y":-0.9227257370948792,"z":0.2689621150493622,"w":0.26606422662734988},"size":63.97019577026367,"orthographic":false}